{"cameraMode":{"drawMode":0,"name":"Shaded","section":"Shading Mode"},"sceneLighting":false,"audioPlay":false,"sceneViewState":{"m_AlwaysRefresh":false,"showFog":true,"showSkybox":false,"showFlares":true,"showImageEffects":true,"showParticleSystems":true,"showVisualEffectGraphs":true,"m_FxEnabled":true},"in2DMode":false,"pivot":{"x":-0.04092872515320778,"y":1.7643535137176514,"z":0.18093276023864747},"rotation":{"x":0.03219340741634369,"y":-0.7774226665496826,"z":0.0399249903857708,"w":0.6268841624259949},"size":0.24927416443824769,"orthographic":false}